﻿<?xml version="1.0" encoding="UTF-8" standalone="yes"?>
<addon id="repository.lunatixz" name="Lunatixz Beta Repository" version="1.0.1" provider-name="Lunatixz">
    <extension point="xbmc.addon.repository" name="Lunatixz Beta Repository">
        <info compressed="false">http://raw.github.com/Lunatixz/XBMC_Addons/master/addons.xml</info>
        <checksum>http://raw.github.com/Lunatixz/XBMC_Addons/master/addons.xml.md5</checksum>
        <datadir zip="true">http://raw.github.com/Lunatixz/XBMC_Addons/master/zips</datadir>
    </extension>
    <extension point="xbmc.addon.metadata">
        <summary lang="en_gb">Closed due to repository abuse from pirated pooling sites and wizards.</summary>
        <description lang="en_gb">Please wait for projects to be "Finalized" and submited to the Official Kodi repository. Beta/Private projects will become unavailable.</description>
        <broken>Closed</broken>
        <platform>all</platform>
    </extension>
</addon>
