<?xml version="1.0" encoding="UTF-8" standalone="yes"?>
<addon id="script.module.pycountry" version="17.5.14" name="pycountry" provider-name="Lunatixz, Christian Theune">
    <requires>
        <import addon="xbmc.python" version="2.25.0" />
    </requires>
    <extension library="lib" point="xbmc.python.module" />
    <extension point="xbmc.addon.metadata">
        <summary lang="en_GB">A Python interface to pycountry</summary>
        <description lang="en_GB">A Python interface to pycountry</description>
        <forum></forum>
        <website>https://pypi.python.org/pypi/pycountry</website>
        <license>GNU GENERAL PUBLIC LICENSE. Version 3, June 2007</license>
        <platform>all</platform>
        <source>https://pypi.python.org/pypi/pycountry</source>
        <news></news>
        <assets>
            <icon>icon.png</icon>
        </assets>
    </extension>
</addon>
