<?xml version="1.0" encoding="UTF-8"?>
<addon id="plugin.video.plutotv" version="1.0.3" name="Pluto.TV" provider-name="Lunatixz">
    <requires>
        <import addon="xbmc.python" version="2.25.0"/>
        <import addon="script.module.requests" version="2.7.0"/>
        <import addon="script.module.simplecache" version="1.0.0"/>
        <import addon="script.module.urlresolver" version="0.0.1"/>
        <import addon="plugin.video.youtube" version="5.1.8" optional="true"/>
        <import addon="plugin.video.vimeo" version="4.1.4" optional="true"/>
    </requires>
    <extension point="xbmc.python.pluginsource" library="default.py">
        <provides>video</provides>
    </extension>
    <extension point="xbmc.addon.metadata">
        <summary lang="en_GB">TV channels devoted to your favorite things, made from blockbuster movies from Paramount, ... “The genius of Pluto TV: This is real internet television”.</summary>
        <description lang="en_GB">Watch Free TV on Kodi! Stream Pluto TV's 100+ channels of news, sports, and the Internet's best, completely free on your Kodi device.</description>
        <platform>all</platform>
        <license>GNU GENERAL PUBLIC LICENSE. Version 3, June 2007</license>
        <source>https://github.com/Lunatixz/XBMC_Addons/tree/master/plugin.video.plutotv</source>
        <website>http://pluto.tv/</website>
        <forum>http://forum.kodi.tv/showthread.php?tid=315513</forum>
        <news>v1.0.1[CR]- Fixed login cache issue.[CR]v1.0.2[CR]- Fixed cookie issue on android/rpi devices.[CR]- Updated cache timings (8Hrs).[CR]v1.0.3[CR]- Fixed Menu and Tweaked cache</news>
        <assets>
            <icon>icon.png</icon>
            <fanart>fanart.jpg</fanart>
            <screenshot>resources/images/screenshot01.png</screenshot>
            <screenshot>resources/images/screenshot02.png</screenshot>
            <screenshot>resources/images/screenshot03.png</screenshot>
            <screenshot>resources/images/screenshot04.png</screenshot>
        </assets>
    </extension>
</addon>