<?xml version="1.0" encoding="UTF-8" standalone="yes"?>
<addon id="plugin.video.playonbrowser" name="Playon Browser" version="1.0.21" provider-name="Lunatixz">
    <requires>
        <import addon="xbmc.python" version="2.24.0"/>
        <import addon="script.module.simplejson" version="3.3.0"/>
        <import addon="script.module.metahandler" version="2.9.0" optional="true"/>
        <import addon="script.module.metadatautils" version="1.0.0" optional="true"/>
    </requires>
    <extension point="xbmc.python.pluginsource" library="default.py">
        <provides>video</provides>
    </extension>
    <extension point="xbmc.addon.metadata">
        <summary lang="en_GB">Allows you to browse m.playon.tv from Kodi.</summary>
        <description lang="en_GB">Allows you to interact with the playon web interface using the standard kodi controls.</description>
        <disclaimer lang="en_GB">Requires Playon Software</disclaimer>
        <platform>all</platform>
        <license>GNU GENERAL PUBLIC LICENSE. Version 2, June 1991</license>
        <forum>http://forum.kodi.tv/showthread.php?tid=233136</forum>
        <website>www.playon.tv</website>
        <source>https://github.com/Lunatixz/XBMC_Addons/tree/master/plugin.video.playonbrowser</source>
        <news>v.1.0.20[CR]Improved metadata parsing and playback</news>
        <assets>
            <icon>icon.png</icon>
            <fanart>fanart.jpg</fanart>
            <screenshot>screenshot01.png</screenshot>
            <screenshot>screenshot02.png</screenshot>
            <screenshot>screenshot03.png</screenshot>
            <screenshot>screenshot04.png</screenshot>
        </assets>
    </extension>
</addon>