﻿<window>
    <allowoverlay>yes</allowoverlay> 
    <coordinates>
        <system>1</system>
        <posx>0</posx>
        <posy>0</posy>
    </coordinates>
    <controls>
        <control type="group" id="30100">
            <posx>0</posx> 
            <posy>0</posy>  
            <animation effect="slide" start="0,1080" end="0,480" time="200" tween="quadratic" reversible="true" easing="in" condition="true">WindowOpen</animation>
            <animation effect="slide" start="0,480" end="0,1080" time="200" tween="quadratic" reversible="true" easing="in" condition="true">WindowClose</animation>
            <control type="image" id="30101">
                <posx>0</posx> 
                <posy>0</posy>  
                <width>600</width> 
                <height>600</height> 
                <texture></texture>
                <description>TrumpSign</description>
                <visible>Control.IsVisible(30100)</visible>
                <aspectratio scalediffuse="true" align="center" aligny="center">keep</aspectratio>    
            </control>
            <control type="label">
                <posx>135</posx> 
                <posy>320</posy> 
                <width>480</width> 
                <height max="280">auto</height>
                <label>[B]$INFO[Window(10000).Property(script.trumptweets.pdate)][/B]</label>
                <font>font10</font>
                <align>left</align>
                <aligny>top</aligny>
                <textcolor>ff014a75</textcolor>
                <shadowcolor>C0C0C0C0</shadowcolor> 
                <wrapmultiline>true</wrapmultiline>  
                <visible>Control.IsVisible(30100)</visible>
            </control>
            <control type="label">
                <posx>60</posx> 
                <posy>380</posy> 
                <width>480</width> 
                <height max="280">auto</height>
                <label>[I]$INFO[Window(10000).Property(script.trumptweets.title)][/I]</label>
                <font>font10</font>
                <align>left</align>
                <aligny>top</aligny>
                <textcolor>ff014a75</textcolor>
                <shadowcolor>C0C0C0C0</shadowcolor> 
                <wrapmultiline>true</wrapmultiline>  
                <visible>Control.IsVisible(30100)</visible>
            </control>
        </control>
        <control type="group" id="30200">
            <posx>0</posx> 
            <posy>0</posy>  
            <animation effect="slide" start="0,1080" end="0,480" time="200" tween="quadratic" reversible="true" easing="in" condition="true">WindowOpen</animation>
            <animation effect="slide" start="0,480" end="0,1080" time="200" tween="quadratic" reversible="true" easing="in" condition="true">WindowClose</animation>
            <control type="grouplist">
                <posx>0</posx> 
                <posy>0</posy>  
                <orientation>vertical</orientation>
                <control type="image"> 
                    <posx>0</posx> 
                    <posy>0</posy> 
                    <width>600</width> 
                    <height>250</height> 
                    <texture>TweetBubble.png</texture>
                    <visible>Control.IsVisible(30200)</visible>
                    <aspectratio scalediffuse="true" align="center" aligny="center">keep</aspectratio>    
                </control> 
                <control type="image" id="30201">
                    <posx>0</posx> 
                    <posy>0</posy> 
                    <width>600</width> 
                    <height>350</height> 
                    <texture></texture>
                    <description>TrumpTweet</description>
                    <visible>Control.IsVisible(30200)</visible>
                    <aspectratio scalediffuse="true" align="center" aligny="center">keep</aspectratio>    
                </control>   
            </control>
            <control type="label">
                <posx>145</posx> 
                <posy>35</posy> 
                <width>480</width> 
                <height max="280">auto</height>
                <label>[B]$INFO[Window(10000).Property(script.trumptweets.pdate)][/B]</label>
                <font>font10</font>
                <align>left</align>
                <aligny>top</aligny>
                <textcolor>ff014a75</textcolor>
                <shadowcolor>C0C0C0C0</shadowcolor> 
                <wrapmultiline>true</wrapmultiline>  
                <visible>Control.IsVisible(30200)</visible>
            </control>
            <control type="label">
                <posx>70</posx> 
                <posy>75</posy> 
                <width>480</width> 
                <height max="280">auto</height>
                <label>[I]$INFO[Window(10000).Property(script.trumptweets.title)][/I]</label>
                <font>font10</font>
                <align>left</align>
                <aligny>top</aligny>
                <textcolor>ff014a75</textcolor>
                <shadowcolor>C0C0C0C0</shadowcolor> 
                <wrapmultiline>true</wrapmultiline>  
                <visible>Control.IsVisible(30200)</visible>
            </control>
        </control>
        <control type="group" id="30300">
            <posx>0</posx> 
            <posy>0</posy>  
            <animation effect="slide" start="0,1080" end="0,130" time="200" tween="quadratic" reversible="true" easing="in" condition="true">WindowOpen</animation>
            <animation effect="slide" start="0,130" end="0,1080" time="200" tween="quadratic" reversible="true" easing="in" condition="true">WindowClose</animation>
            <control type="grouplist">
                <posx>0</posx> 
                <posy>0</posy>  
                <orientation>vertical</orientation>
                <control type="image"> 
                    <posx>0</posx> 
                    <posy>0</posy> 
                    <width>600</width> 
                    <height>600</height> 
                    <texture>SpeechBubble.png</texture>
                    <visible>Control.IsVisible(30300)</visible>
                    <aspectratio scalediffuse="true" align="center" aligny="center">keep</aspectratio>    
                </control> 
                <control type="image" id="30301">
                    <posx>0</posx> 
                    <posy>0</posy> 
                    <width>600</width> 
                    <height>450</height> 
                    <texture></texture>
                    <description>TrumpSpeech</description>
                    <visible>Control.IsVisible(30300)</visible>
                    <aspectratio scalediffuse="true" align="center" aligny="center">keep</aspectratio>    
                </control>   
            </control>
            <control type="label">
                <posx>145</posx> 
                <posy>120</posy> 
                <width>480</width> 
                <height max="280">auto</height>
                <label>[B]$INFO[Window(10000).Property(script.trumptweets.pdate)][/B]</label>
                <font>font10</font>
                <align>left</align>
                <aligny>top</aligny>
                <textcolor>ff014a75</textcolor>
                <shadowcolor>C0C0C0C0</shadowcolor> 
                <wrapmultiline>true</wrapmultiline>  
                <visible>Control.IsVisible(30300)</visible>
            </control>
            <control type="label">
                <posx>70</posx> 
                <posy>160</posy> 
                <width>480</width> 
                <height max="280">auto</height>
                <label>[I]$INFO[Window(10000).Property(script.trumptweets.title)][/I]</label>
                <font>font10</font>
                <align>left</align>
                <aligny>top</aligny>
                <textcolor>ff014a75</textcolor>
                <shadowcolor>C0C0C0C0</shadowcolor> 
                <wrapmultiline>true</wrapmultiline>  
                <visible>Control.IsVisible(30300)</visible>
            </control>
        </control>
    </controls>
</window>
