<?xml version="1.0" encoding="UTF-8" standalone="yes"?>
<addon id="screensaver.video" name="Video ScreenSaver" version="1.0.0" provider-name="Lunatixz">
    <requires>
        <import addon="xbmc.python" version="2.25.0"/>
    </requires>
    <extension point="xbmc.ui.screensaver" library="default.py"/>
    <extension point="xbmc.python.script"  library="default.py"/>
    <extension point="xbmc.addon.metadata">
        <summary lang="en_GB">Create a screensaver from any Kodi video source.</summary>
        <description lang="en_GB">Dynamic screensaver using Local content, SmartPlaylists, Plugins and UPNP Servers.</description>
        <license>GNU GENERAL PUBLIC LICENSE. Version 3, June 2007</license>
        <platform>all</platform>
        <source>https://github.com/Lunatixz/XBMC_Addons/tree/master/screensaver.video</source>
        <news></news>
        <assets>
            <icon>icon.png</icon>
            <fanart>fanart.jpg</fanart>
        </assets>
    </extension>
</addon>
