<?xml version="1.0" encoding="UTF-8" standalone="yes"?>
<addon id="script.mirror.service" version="0.0.5" name="Kodi Mirror" provider-name="Lunatixz">
    <requires>
        <import addon="xbmc.python" version="2.14.0"/>
        <import addon="script.module.requests" version="2.7.0"/>
    </requires>
	<extension point="xbmc.python.script" library="main.py"/>
    <extension point="xbmc.service" library="service.py" start="startup"/>
    <extension point="xbmc.addon.metadata">
        <summary lang="en">Mirror playback to Multiple Kodi instances</summary>
        <description lang="en">Create a Multiroom Kodi experience, Mirror one Kodi to Multiple instances throughout your house </description>
        <disclaimer lang="en" >This software is a BETA release, bugs maybe common until final release.</disclaimer>  
        <platform>all</platform>
        <license>GNU GENERAL PUBLIC LICENSE. Version 3, June 2007</license>
        <source>https://github.com/Lunatixz/XBMC_Addons/tree/master/script.mirror.service</source>
        <email>pseudotvlive@gmail.com</email>
        <website>www.pseudotvlive.com</website>
        <forum>http://pseudotvlive.com/index.php/forum</forum>
    </extension>
</addon>