<?xml version="1.0" encoding="UTF-8" standalone="yes"?>
<addon id="script.pystone.benchmark" name="CPU Benchmark" version="1.1.0a" provider-name="Lunatixz">
    <requires>
        <import addon="xbmc.python" version="2.25.0"/>
    </requires>
    <extension point="xbmc.python.pluginsource" library="default.py">
        <provides>executable</provides>
    </extension>
    <extension point="xbmc.addon.metadata">
        <summary lang="en_GB">Test your devices python performance.</summary>
        <description lang="en_GB">How fast does your device run python code? Pystone evaluates CPU performance running in a python environment.</description>
        <license>The MIT License (MIT)</license>
        <platform>all</platform>
        <source>https://github.com/Lunatixz/XBMC_Addons/tree/master/script.pystone.benchmark</source>
        <news></news>
        <assets>
            <icon>icon.png</icon>
        </assets>
    </extension>
</addon>
